ID;Date;Value
0060012466;2011-01-03T01:00:00.0000000+01:00;141.62
0060012466;2011-01-04T01:00:00.0000000+01:00;142.68
0060012466;2011-01-05T01:00:00.0000000+01:00;142.01
0060012466;2011-01-06T01:00:00.0000000+01:00;143.10
0060012466;2011-01-07T01:00:00.0000000+01:00;141.40
0060012466;2011-01-10T01:00:00.0000000+01:00;142.58
0060012466;2011-01-11T01:00:00.0000000+01:00;143.96
0060012466;2011-01-12T01:00:00.0000000+01:00;144.21
0060012466;2011-01-13T01:00:00.0000000+01:00;142.65
0060012466;2011-01-14T01:00:00.0000000+01:00;143.40
0060012466;2011-01-17T01:00:00.0000000+01:00;143.64
0060012466;2011-01-18T01:00:00.0000000+01:00;145.91
0060012466;2011-01-19T01:00:00.0000000+01:00;145.30
0060012466;2011-01-20T01:00:00.0000000+01:00;143.07
0060012466;2011-01-21T01:00:00.0000000+01:00;142.63
0060012466;2011-01-24T01:00:00.0000000+01:00;142.19
0060012466;2011-01-25T01:00:00.0000000+01:00;141.98
0060012466;2011-01-26T01:00:00.0000000+01:00;142.86
0060012466;2011-01-27T01:00:00.0000000+01:00;143.61
0060012466;2011-01-28T01:00:00.0000000+01:00;143.07
0060012466;2011-01-31T01:00:00.0000000+01:00;142.29
0060012466;2011-02-01T01:00:00.0000000+01:00;143.74
0060012466;2011-02-02T01:00:00.0000000+01:00;142.87
0060012466;2011-02-03T01:00:00.0000000+01:00;142.27
0060012466;2011-02-04T01:00:00.0000000+01:00;142.32
0060012466;2011-02-07T01:00:00.0000000+01:00;142.51
0060012466;2011-02-08T01:00:00.0000000+01:00;142.17
0060012466;2011-02-09T01:00:00.0000000+01:00;142.99
0060012466;2011-02-10T01:00:00.0000000+01:00;140.87
0060012466;2011-02-11T01:00:00.0000000+01:00;141.28
0060012466;2011-02-14T01:00:00.0000000+01:00;142.32
0060012466;2011-02-15T01:00:00.0000000+01:00;142.30
0060012466;2011-02-16T01:00:00.0000000+01:00;142.51
0060012466;2011-02-17T01:00:00.0000000+01:00;141.65
0060012466;2011-02-18T01:00:00.0000000+01:00;141.55
0060012466;2011-02-21T01:00:00.0000000+01:00;140.35
0060012466;2011-02-22T01:00:00.0000000+01:00;140.52
0060012466;2011-02-23T01:00:00.0000000+01:00;139.27
0060012466;2011-02-24T01:00:00.0000000+01:00;139.44
0060012466;2011-02-25T01:00:00.0000000+01:00;140.68
0060012466;2011-02-28T01:00:00.0000000+01:00;141.45
0060012466;2011-03-01T01:00:00.0000000+01:00;140.13
0060012466;2011-03-02T01:00:00.0000000+01:00;139.90
0060012466;2011-03-03T01:00:00.0000000+01:00;140.78
0060012466;2011-03-04T01:00:00.0000000+01:00;140.41
0060012466;2011-03-07T01:00:00.0000000+01:00;140.65
0060012466;2011-03-08T01:00:00.0000000+01:00;140.04
0060012466;2011-03-09T01:00:00.0000000+01:00;140.55
0060012466;2011-03-10T01:00:00.0000000+01:00;137.57
0060012466;2011-03-11T01:00:00.0000000+01:00;135.88
0060012466;2011-03-14T01:00:00.0000000+01:00;135.54
0060012466;2011-03-15T01:00:00.0000000+01:00;132.01
0060012466;2011-03-16T01:00:00.0000000+01:00;132.56
0060012466;2011-03-17T01:00:00.0000000+01:00;132.93
0060012466;2011-03-18T01:00:00.0000000+01:00;135.86
0060012466;2011-03-21T01:00:00.0000000+01:00;135.99
0060012466;2011-03-22T01:00:00.0000000+01:00;135.16
0060012466;2011-03-23T01:00:00.0000000+01:00;135.65
0060012466;2011-03-24T01:00:00.0000000+01:00;135.91
0060012466;2011-03-25T01:00:00.0000000+01:00;136.70
0060012466;2011-03-28T02:00:00.0000000+02:00;137.02
0060012466;2011-03-29T02:00:00.0000000+02:00;136.55
0060012466;2011-03-30T02:00:00.0000000+02:00;138.48
0060012466;2011-03-31T02:00:00.0000000+02:00;138.48
0060012466;2011-04-01T02:00:00.0000000+02:00;139.01
0060012466;2011-04-04T02:00:00.0000000+02:00;139.07
0060012466;2011-04-05T02:00:00.0000000+02:00;138.58
0060012466;2011-04-06T02:00:00.0000000+02:00;139.37
0060012466;2011-04-07T02:00:00.0000000+02:00;138.86
0060012466;2011-04-08T02:00:00.0000000+02:00;139.66
0060012466;2011-04-11T02:00:00.0000000+02:00;139.58
0060012466;2011-04-12T02:00:00.0000000+02:00;138.44
0060012466;2011-04-13T02:00:00.0000000+02:00;138.67
0060012466;2011-04-14T02:00:00.0000000+02:00;137.81
0060012466;2011-04-15T02:00:00.0000000+02:00;137.62
0060012466;2011-04-18T02:00:00.0000000+02:00;136.39
0060012466;2011-04-19T02:00:00.0000000+02:00;136.39
0060012466;2011-04-20T02:00:00.0000000+02:00;138.17
0060012466;2011-04-26T02:00:00.0000000+02:00;138.38
0060012466;2011-04-27T02:00:00.0000000+02:00;137.30
0060012466;2011-04-28T02:00:00.0000000+02:00;137.41
0060012466;2011-04-29T02:00:00.0000000+02:00;138.85
0060012466;2011-05-02T02:00:00.0000000+02:00;139.93
0060012466;2011-05-03T02:00:00.0000000+02:00;139.17
0060012466;2011-05-04T02:00:00.0000000+02:00;137.66
0060012466;2011-05-05T02:00:00.0000000+02:00;137.07
0060012466;2011-05-06T02:00:00.0000000+02:00;138.61
0060012466;2011-05-09T02:00:00.0000000+02:00;137.96
0060012466;2011-05-10T02:00:00.0000000+02:00;137.73
0060012466;2011-05-11T02:00:00.0000000+02:00;138.85
0060012466;2011-05-12T02:00:00.0000000+02:00;139.56
0060012466;2011-05-13T02:00:00.0000000+02:00;140.35
0060012466;2011-05-16T02:00:00.0000000+02:00;140.92
0060012466;2011-05-17T02:00:00.0000000+02:00;140.56
0060012466;2011-05-18T02:00:00.0000000+02:00;139.97
0060012466;2011-05-19T02:00:00.0000000+02:00;139.07
0060012466;2011-05-23T02:00:00.0000000+02:00;136.81
0060012466;2011-05-24T02:00:00.0000000+02:00;137.00
0060012466;2011-05-25T02:00:00.0000000+02:00;137.14
0060012466;2011-05-26T02:00:00.0000000+02:00;135.64
0060012466;2011-05-27T02:00:00.0000000+02:00;136.28
0060012466;2011-05-30T02:00:00.0000000+02:00;137.04
0060012466;2011-05-31T02:00:00.0000000+02:00;137.84
0060012466;2011-06-01T02:00:00.0000000+02:00;137.37
0060012466;2011-06-06T02:00:00.0000000+02:00;135.76
0060012466;2011-06-07T02:00:00.0000000+02:00;135.25
0060012466;2011-06-08T02:00:00.0000000+02:00;133.28
0060012466;2011-06-09T02:00:00.0000000+02:00;133.59
0060012466;2011-06-10T02:00:00.0000000+02:00;132.61
0060012466;2011-06-14T02:00:00.0000000+02:00;132.81
0060012466;2011-06-15T02:00:00.0000000+02:00;130.15
0060012466;2011-06-16T02:00:00.0000000+02:00;127.96
0060012466;2011-06-17T02:00:00.0000000+02:00;128.59
0060012466;2011-06-20T02:00:00.0000000+02:00;126.63
0060012466;2011-06-21T02:00:00.0000000+02:00;128.54
0060012466;2011-06-22T02:00:00.0000000+02:00;128.14
0060012466;2011-06-23T02:00:00.0000000+02:00;126.12
0060012466;2011-06-24T02:00:00.0000000+02:00;126.28
0060012466;2011-06-27T02:00:00.0000000+02:00;125.87
0060012466;2011-06-28T02:00:00.0000000+02:00;125.97
0060012466;2011-06-29T02:00:00.0000000+02:00;128.00
0060012466;2011-06-30T02:00:00.0000000+02:00;130.21
0060012466;2011-07-01T02:00:00.0000000+02:00;131.62
0060012466;2011-07-04T02:00:00.0000000+02:00;132.79
0060012466;2011-07-05T02:00:00.0000000+02:00;132.40
0060012466;2011-07-06T02:00:00.0000000+02:00;131.54
0060012466;2011-07-07T02:00:00.0000000+02:00;131.71
0060012466;2011-07-08T02:00:00.0000000+02:00;131.13
0060012466;2011-07-11T02:00:00.0000000+02:00;129.39
0060012466;2011-07-12T02:00:00.0000000+02:00;127.79
0060012466;2011-07-13T02:00:00.0000000+02:00;129.68
0060012466;2011-07-14T02:00:00.0000000+02:00;128.59
0060012466;2011-07-15T02:00:00.0000000+02:00;128.98
0060012466;2011-07-18T02:00:00.0000000+02:00;127.37
0060012466;2011-07-19T02:00:00.0000000+02:00;128.00
0060012466;2011-07-20T02:00:00.0000000+02:00;128.66
0060012466;2011-07-21T02:00:00.0000000+02:00;130.50
0060012466;2011-07-22T02:00:00.0000000+02:00;131.59
0060012466;2011-07-25T02:00:00.0000000+02:00;131.24
0060012466;2011-07-26T02:00:00.0000000+02:00;130.28
0060012466;2011-07-27T02:00:00.0000000+02:00;130.26
0060012466;2011-07-28T02:00:00.0000000+02:00;129.72
0060012466;2011-07-29T02:00:00.0000000+02:00;128.36
0060012466;2011-08-01T02:00:00.0000000+02:00;128.39
0060012466;2011-08-02T02:00:00.0000000+02:00;123.22
0060012466;2011-08-03T02:00:00.0000000+02:00;121.30
0060012466;2011-08-04T02:00:00.0000000+02:00;118.43
0060012466;2011-08-05T02:00:00.0000000+02:00;116.08
0060012466;2011-08-08T02:00:00.0000000+02:00;111.91
0060012466;2011-08-09T02:00:00.0000000+02:00;112.35
0060012466;2011-08-10T02:00:00.0000000+02:00;110.54
0060012466;2011-08-11T02:00:00.0000000+02:00;109.96
0060012466;2011-08-12T02:00:00.0000000+02:00;113.26
0060012466;2011-08-15T02:00:00.0000000+02:00;115.71
0060012466;2011-08-16T02:00:00.0000000+02:00;112.97
0060012466;2011-08-17T02:00:00.0000000+02:00;111.23
0060012466;2011-08-18T02:00:00.0000000+02:00;106.34
0060012466;2011-08-19T02:00:00.0000000+02:00;105.14
0060012466;2011-08-22T02:00:00.0000000+02:00;104.02
0060012466;2011-08-23T02:00:00.0000000+02:00;102.66
0060012466;2011-08-24T02:00:00.0000000+02:00;103.18
0060012466;2011-08-25T02:00:00.0000000+02:00;102.40
0060012466;2011-08-26T02:00:00.0000000+02:00;102.45
0060012466;2011-08-29T02:00:00.0000000+02:00;105.08
0060012466;2011-08-30T02:00:00.0000000+02:00;104.88
0060012466;2011-08-31T02:00:00.0000000+02:00;107.97
0060012466;2011-09-01T02:00:00.0000000+02:00;108.61
0060012466;2011-09-02T02:00:00.0000000+02:00;105.91
0060012466;2011-09-05T02:00:00.0000000+02:00;102.82
0060012466;2011-09-06T02:00:00.0000000+02:00;101.73
0060012466;2011-09-07T02:00:00.0000000+02:00;104.56
0060012466;2011-09-08T02:00:00.0000000+02:00;104.94
0060012466;2011-09-09T02:00:00.0000000+02:00;102.41
0060012466;2011-09-12T02:00:00.0000000+02:00;99.65
0060012466;2011-09-13T02:00:00.0000000+02:00;99.62
0060012466;2011-09-14T02:00:00.0000000+02:00;100.32
0060012466;2011-09-15T02:00:00.0000000+02:00;103.02
0060012466;2011-09-16T02:00:00.0000000+02:00;102.79
0060012466;2011-09-19T02:00:00.0000000+02:00;100.93
0060012466;2011-09-20T02:00:00.0000000+02:00;102.47
0060012466;2011-09-21T02:00:00.0000000+02:00;102.68
0060012466;2011-09-22T02:00:00.0000000+02:00;100.42
0060012466;2011-09-23T02:00:00.0000000+02:00;99.99
0060012466;2011-09-26T02:00:00.0000000+02:00;100.31
0060012466;2011-09-27T02:00:00.0000000+02:00;104.12
0060012466;2011-09-28T02:00:00.0000000+02:00;103.44
0060012466;2011-09-29T02:00:00.0000000+02:00;104.36
0060012466;2011-09-30T02:00:00.0000000+02:00;102.97
0060012466;2011-10-03T02:00:00.0000000+02:00;102.57
0060012466;2011-10-04T02:00:00.0000000+02:00;99.94
0060012466;2011-10-05T02:00:00.0000000+02:00;100.30
0060012466;2011-10-06T02:00:00.0000000+02:00;101.90
0060012466;2011-10-07T02:00:00.0000000+02:00;102.62
0060012466;2011-10-10T02:00:00.0000000+02:00;104.59
0060012466;2011-10-11T02:00:00.0000000+02:00;104.00
0060012466;2011-10-12T02:00:00.0000000+02:00;105.70
0060012466;2011-10-13T02:00:00.0000000+02:00;104.65
0060012466;2011-10-14T02:00:00.0000000+02:00;105.24
0060012466;2011-10-17T02:00:00.0000000+02:00;103.48
0060012466;2011-10-18T02:00:00.0000000+02:00;103.76
0060012466;2011-10-19T02:00:00.0000000+02:00;103.54
0060012466;2011-10-20T02:00:00.0000000+02:00;102.98
0060012466;2011-10-21T02:00:00.0000000+02:00;104.83
0060012466;2011-10-24T02:00:00.0000000+02:00;106.61
0060012466;2011-10-25T02:00:00.0000000+02:00;106.34
0060012466;2011-10-26T02:00:00.0000000+02:00;107.20
0060012466;2011-10-27T02:00:00.0000000+02:00;110.35
0060012466;2011-10-28T02:00:00.0000000+02:00;109.99
0060012466;2011-10-31T01:00:00.0000000+01:00;107.58
0060012466;2011-11-01T01:00:00.0000000+01:00;103.72
0060012466;2011-11-02T01:00:00.0000000+01:00;103.87
0060012466;2011-11-03T01:00:00.0000000+01:00;105.78
0060012466;2011-11-04T01:00:00.0000000+01:00;105.58
0060012466;2011-11-07T01:00:00.0000000+01:00;106.70
0060012466;2011-11-08T01:00:00.0000000+01:00;107.59
0060012466;2011-11-09T01:00:00.0000000+01:00;106.83
0060012466;2011-11-10T01:00:00.0000000+01:00;106.27
0060012466;2011-11-11T01:00:00.0000000+01:00;108.86
0060012466;2011-11-14T01:00:00.0000000+01:00;108.92
0060012466;2011-11-15T01:00:00.0000000+01:00;109.08
0060012466;2011-11-16T01:00:00.0000000+01:00;108.75
0060012466;2011-11-17T01:00:00.0000000+01:00;108.49
0060012466;2011-11-18T01:00:00.0000000+01:00;107.82
0060012466;2011-11-21T01:00:00.0000000+01:00;105.65
0060012466;2011-11-22T01:00:00.0000000+01:00;105.45
0060012466;2011-11-23T01:00:00.0000000+01:00;104.69
0060012466;2011-11-24T01:00:00.0000000+01:00;103.81
0060012466;2011-11-25T01:00:00.0000000+01:00;104.48
0060012466;2011-11-28T01:00:00.0000000+01:00;106.96
0060012466;2011-11-29T01:00:00.0000000+01:00;107.16
0060012466;2011-11-30T01:00:00.0000000+01:00;110.72
0060012466;2011-12-01T01:00:00.0000000+01:00;110.29
0060012466;2011-12-02T01:00:00.0000000+01:00;110.65
0060012466;2011-12-05T01:00:00.0000000+01:00;112.14
0060012466;2011-12-06T01:00:00.0000000+01:00;111.53
0060012466;2011-12-07T01:00:00.0000000+01:00;111.45
0060012466;2011-12-08T01:00:00.0000000+01:00;110.14
0060012466;2011-12-09T01:00:00.0000000+01:00;109.59
0060012466;2011-12-12T01:00:00.0000000+01:00;108.12
0060012466;2011-12-13T01:00:00.0000000+01:00;108.65
0060012466;2011-12-14T01:00:00.0000000+01:00;106.55
0060012466;2011-12-15T01:00:00.0000000+01:00;106.68
0060012466;2011-12-16T01:00:00.0000000+01:00;106.79
0060012466;2011-12-19T01:00:00.0000000+01:00;106.66
0060012466;2011-12-20T01:00:00.0000000+01:00;108.13
0060012466;2011-12-21T01:00:00.0000000+01:00;108.33
0060012466;2011-12-22T01:00:00.0000000+01:00;108.41
0060012466;2011-12-23T01:00:00.0000000+01:00;109.58
0060012466;2011-12-27T01:00:00.0000000+01:00;109.60
0060012466;2011-12-28T01:00:00.0000000+01:00;109.94
0060012466;2011-12-29T01:00:00.0000000+01:00;110.47
0060012466;2011-12-30T01:00:00.0000000+01:00;111.82
0060012466;2011-12-31T01:00:00.0000000+01:00;111.81
0060012466;2012-01-02T01:00:00.0000000+01:00;114.36
0060012466;2012-01-03T01:00:00.0000000+01:00;115.65
0060012466;2012-01-04T01:00:00.0000000+01:00;114.34
0060012466;2012-01-05T01:00:00.0000000+01:00;115.40
0060012466;2012-01-06T01:00:00.0000000+01:00;115.50
0060012466;2012-01-09T01:00:00.0000000+01:00;116.35
0060012466;2012-01-10T01:00:00.0000000+01:00;117.73
0060012466;2012-01-11T01:00:00.0000000+01:00;117.45
0060012466;2012-01-12T01:00:00.0000000+01:00;118.09
0060012466;2012-01-13T01:00:00.0000000+01:00;118.72
0060012466;2012-01-16T01:00:00.0000000+01:00;119.51
0060012466;2012-01-17T01:00:00.0000000+01:00;120.34
0060012466;2012-01-18T01:00:00.0000000+01:00;120.51
0060012466;2012-01-19T01:00:00.0000000+01:00;120.99
0060012466;2012-01-20T01:00:00.0000000+01:00;120.72
0060012466;2012-01-23T01:00:00.0000000+01:00;120.81
0060012466;2012-01-24T01:00:00.0000000+01:00;120.08
0060012466;2012-01-25T01:00:00.0000000+01:00;120.50
0060012466;2012-01-26T01:00:00.0000000+01:00;121.99
0060012466;2012-01-27T01:00:00.0000000+01:00;121.35
0060012466;2012-01-30T01:00:00.0000000+01:00;119.82
0060012466;2012-01-31T01:00:00.0000000+01:00;121.23
0060012466;2012-02-01T01:00:00.0000000+01:00;123.38
0060012466;2012-02-02T01:00:00.0000000+01:00;124.38
0060012466;2012-02-03T01:00:00.0000000+01:00;125.92
0060012466;2012-02-06T01:00:00.0000000+01:00;125.31
0060012466;2012-02-07T01:00:00.0000000+01:00;125.87
0060012466;2012-02-08T01:00:00.0000000+01:00;126.53
0060012466;2012-02-09T01:00:00.0000000+01:00;127.25
0060012466;2012-02-10T01:00:00.0000000+01:00;127.29
0060012466;2012-02-13T01:00:00.0000000+01:00;128.40
0060012466;2012-02-14T01:00:00.0000000+01:00;127.99
0060012466;2012-02-15T01:00:00.0000000+01:00;130.13
0060012466;2012-02-16T01:00:00.0000000+01:00;128.76
0060012466;2012-02-17T01:00:00.0000000+01:00;129.57
0060012466;2012-02-20T01:00:00.0000000+01:00;131.55
0060012466;2012-02-21T01:00:00.0000000+01:00;130.70
0060012466;2012-02-22T01:00:00.0000000+01:00;129.80
0060012466;2012-02-23T01:00:00.0000000+01:00;128.86
0060012466;2012-02-24T01:00:00.0000000+01:00;130.10
0060012466;2012-02-27T01:00:00.0000000+01:00;128.49
0060012466;2012-02-28T01:00:00.0000000+01:00;129.85
0060012466;2012-02-29T01:00:00.0000000+01:00;130.37
0060012466;2012-03-01T01:00:00.0000000+01:00;131.13
0060012466;2012-03-02T01:00:00.0000000+01:00;132.17
0060012466;2012-03-05T01:00:00.0000000+01:00;132.06
0060012466;2012-03-06T01:00:00.0000000+01:00;129.20
0060012466;2012-03-07T01:00:00.0000000+01:00;130.14
0060012466;2012-03-08T01:00:00.0000000+01:00;130.97
0060012466;2012-03-09T01:00:00.0000000+01:00;133.24
0060012466;2012-03-12T01:00:00.0000000+01:00;132.89
0060012466;2012-03-13T01:00:00.0000000+01:00;134.41
0060012466;2012-03-14T01:00:00.0000000+01:00;134.37
0060012466;2012-03-15T01:00:00.0000000+01:00;133.08
0060012466;2012-03-16T01:00:00.0000000+01:00;133.56
0060012466;2012-03-19T01:00:00.0000000+01:00;132.74
0060012466;2012-03-20T01:00:00.0000000+01:00;131.89
0060012466;2012-03-21T01:00:00.0000000+01:00;132.01
0060012466;2012-03-22T01:00:00.0000000+01:00;130.14
0060012466;2012-03-23T01:00:00.0000000+01:00;130.51
0060012466;2012-03-26T02:00:00.0000000+02:00;131.60
0060012466;2012-03-27T02:00:00.0000000+02:00;130.15
0060012466;2012-03-28T02:00:00.0000000+02:00;129.93
0060012466;2012-03-29T02:00:00.0000000+02:00;127.63
0060012466;2012-03-30T02:00:00.0000000+02:00;129.36
0060012466;2012-04-02T02:00:00.0000000+02:00;131.68
0060012466;2012-04-03T02:00:00.0000000+02:00;133.55
0060012466;2012-04-04T02:00:00.0000000+02:00;130.32
0060012466;2012-04-10T02:00:00.0000000+02:00;128.27
0060012466;2012-04-11T02:00:00.0000000+02:00;127.86
0060012466;2012-04-12T02:00:00.0000000+02:00;129.44
0060012466;2012-04-13T02:00:00.0000000+02:00;129.06
0060012466;2012-04-16T02:00:00.0000000+02:00;129.87
0060012466;2012-04-17T02:00:00.0000000+02:00;130.86
0060012466;2012-04-18T02:00:00.0000000+02:00;131.22
0060012466;2012-04-19T02:00:00.0000000+02:00;131.88
0060012466;2012-04-20T02:00:00.0000000+02:00;131.66
0060012466;2012-04-23T02:00:00.0000000+02:00;129.36
0060012466;2012-04-24T02:00:00.0000000+02:00;129.92
0060012466;2012-04-25T02:00:00.0000000+02:00;130.96
0060012466;2012-04-26T02:00:00.0000000+02:00;130.36
0060012466;2012-04-27T02:00:00.0000000+02:00;131.11
0060012466;2012-04-30T02:00:00.0000000+02:00;131.85
0060012466;2012-05-01T02:00:00.0000000+02:00;132.71
0060012466;2012-05-02T02:00:00.0000000+02:00;131.84
0060012466;2012-05-03T02:00:00.0000000+02:00;132.83
0060012466;2012-05-07T02:00:00.0000000+02:00;131.22
0060012466;2012-05-08T02:00:00.0000000+02:00;130.31
0060012466;2012-05-09T02:00:00.0000000+02:00;127.89
0060012466;2012-05-10T02:00:00.0000000+02:00;128.94
0060012466;2012-05-11T02:00:00.0000000+02:00;129.32
0060012466;2012-05-14T02:00:00.0000000+02:00;127.12
0060012466;2012-05-15T02:00:00.0000000+02:00;125.56
0060012466;2012-05-16T02:00:00.0000000+02:00;125.42
0060012466;2012-05-21T02:00:00.0000000+02:00;125.21
0060012466;2012-05-22T02:00:00.0000000+02:00;126.93
0060012466;2012-05-23T02:00:00.0000000+02:00;124.99
0060012466;2012-05-24T02:00:00.0000000+02:00;125.82
0060012466;2012-05-25T02:00:00.0000000+02:00;126.22
0060012466;2012-05-29T02:00:00.0000000+02:00;127.17
0060012466;2012-05-30T02:00:00.0000000+02:00;125.36
0060012466;2012-05-31T02:00:00.0000000+02:00;124.31
0060012466;2012-06-01T02:00:00.0000000+02:00;120.81
0060012466;2012-06-04T02:00:00.0000000+02:00;119.58
0060012466;2012-06-06T02:00:00.0000000+02:00;122.00
0060012466;2012-06-07T02:00:00.0000000+02:00;124.72
0060012466;2012-06-08T02:00:00.0000000+02:00;123.24
0060012466;2012-06-11T02:00:00.0000000+02:00;124.05
0060012466;2012-06-12T02:00:00.0000000+02:00;122.58
0060012466;2012-06-13T02:00:00.0000000+02:00;122.15
0060012466;2012-06-14T02:00:00.0000000+02:00;121.29
0060012466;2012-06-15T02:00:00.0000000+02:00;122.71
0060012466;2012-06-18T02:00:00.0000000+02:00;122.47
0060012466;2012-06-19T02:00:00.0000000+02:00;123.70
0060012466;2012-06-20T02:00:00.0000000+02:00;125.01
0060012466;2012-06-21T02:00:00.0000000+02:00;124.62
0060012466;2012-06-22T02:00:00.0000000+02:00;123.79
0060012466;2012-06-25T02:00:00.0000000+02:00;121.78
0060012466;2012-06-26T02:00:00.0000000+02:00;120.06
0060012466;2012-06-27T02:00:00.0000000+02:00;121.55
0060012466;2012-06-28T02:00:00.0000000+02:00;120.93
0060012466;2012-06-29T02:00:00.0000000+02:00;124.49
0060012466;2012-06-30T02:00:00.0000000+02:00;124.46
0060012466;2012-07-02T02:00:00.0000000+02:00;125.83
0060012466;2012-07-03T02:00:00.0000000+02:00;127.67
0060012466;2012-07-04T02:00:00.0000000+02:00;128.36
0060012466;2012-07-05T02:00:00.0000000+02:00;128.12
0060012466;2012-07-06T02:00:00.0000000+02:00;127.01
0060012466;2012-07-09T02:00:00.0000000+02:00;126.55
0060012466;2012-07-10T02:00:00.0000000+02:00;127.71
0060012466;2012-07-11T02:00:00.0000000+02:00;126.81
0060012466;2012-07-12T02:00:00.0000000+02:00;126.14
0060012466;2012-07-13T02:00:00.0000000+02:00;127.14
0060012466;2012-07-16T02:00:00.0000000+02:00;128.08
0060012466;2012-07-17T02:00:00.0000000+02:00;128.25
0060012466;2012-07-18T02:00:00.0000000+02:00;129.18
0060012466;2012-07-19T02:00:00.0000000+02:00;131.13
0060012466;2012-07-20T02:00:00.0000000+02:00;130.47
0060012466;2012-07-23T02:00:00.0000000+02:00;127.38
0060012466;2012-07-24T02:00:00.0000000+02:00;127.89
0060012466;2012-07-25T02:00:00.0000000+02:00;128.23
0060012466;2012-07-26T02:00:00.0000000+02:00;129.62
0060012466;2012-07-27T02:00:00.0000000+02:00;131.33
0060012466;2012-07-30T02:00:00.0000000+02:00;131.84
0060012466;2012-07-31T02:00:00.0000000+02:00;131.04
0060012466;2012-08-01T02:00:00.0000000+02:00;130.81
0060012466;2012-08-02T02:00:00.0000000+02:00;130.31
0060012466;2012-08-03T02:00:00.0000000+02:00;132.36
0060012466;2012-08-06T02:00:00.0000000+02:00;133.75
0060012466;2012-08-07T02:00:00.0000000+02:00;135.16
0060012466;2012-08-08T02:00:00.0000000+02:00;134.68
0060012466;2012-08-09T02:00:00.0000000+02:00;135.96
0060012466;2012-08-10T02:00:00.0000000+02:00;135.44
0060012466;2012-08-13T02:00:00.0000000+02:00;136.14
0060012466;2012-08-14T02:00:00.0000000+02:00;136.94
0060012466;2012-08-15T02:00:00.0000000+02:00;137.51
0060012466;2012-08-16T02:00:00.0000000+02:00;137.10
0060012466;2012-08-17T02:00:00.0000000+02:00;136.86
0060012466;2012-08-20T02:00:00.0000000+02:00;136.83
0060012466;2012-08-21T02:00:00.0000000+02:00;137.38
0060012466;2012-08-22T02:00:00.0000000+02:00;135.54
0060012466;2012-08-23T02:00:00.0000000+02:00;135.57
0060012466;2012-08-24T02:00:00.0000000+02:00;134.72
0060012466;2012-08-27T02:00:00.0000000+02:00;135.34
0060012466;2012-08-28T02:00:00.0000000+02:00;135.39
0060012466;2012-08-29T02:00:00.0000000+02:00;135.87
0060012466;2012-08-30T02:00:00.0000000+02:00;135.61
0060012466;2012-08-31T02:00:00.0000000+02:00;135.77
0060012466;2012-09-03T02:00:00.0000000+02:00;137.22
0060012466;2012-09-04T02:00:00.0000000+02:00;136.81
0060012466;2012-09-05T02:00:00.0000000+02:00;137.09
0060012466;2012-09-06T02:00:00.0000000+02:00;139.02
0060012466;2012-09-07T02:00:00.0000000+02:00;139.07
0060012466;2012-09-10T02:00:00.0000000+02:00;139.05
0060012466;2012-09-11T02:00:00.0000000+02:00;138.76
0060012466;2012-09-12T02:00:00.0000000+02:00;139.12
0060012466;2012-09-13T02:00:00.0000000+02:00;137.73
0060012466;2012-09-14T02:00:00.0000000+02:00;139.84
0060012466;2012-09-17T02:00:00.0000000+02:00;139.44
0060012466;2012-09-18T02:00:00.0000000+02:00;138.94
0060012466;2012-09-19T02:00:00.0000000+02:00;139.70
0060012466;2012-09-20T02:00:00.0000000+02:00;140.41
0060012466;2012-09-21T02:00:00.0000000+02:00;141.12
0060012466;2012-09-24T02:00:00.0000000+02:00;140.96
0060012466;2012-09-25T02:00:00.0000000+02:00;141.42
0060012466;2012-09-26T02:00:00.0000000+02:00;139.32
0060012466;2012-09-27T02:00:00.0000000+02:00;139.37
0060012466;2012-09-28T02:00:00.0000000+02:00;138.95
0060012466;2012-10-01T02:00:00.0000000+02:00;140.72
0060012466;2012-10-02T02:00:00.0000000+02:00;140.91
0060012466;2012-10-03T02:00:00.0000000+02:00;140.09
0060012466;2012-10-04T02:00:00.0000000+02:00;140.23
0060012466;2012-10-05T02:00:00.0000000+02:00;141.71
0060012466;2012-10-08T02:00:00.0000000+02:00;141.34
0060012466;2012-10-09T02:00:00.0000000+02:00;139.85
0060012466;2012-10-10T02:00:00.0000000+02:00;138.90
0060012466;2012-10-11T02:00:00.0000000+02:00;139.22
0060012466;2012-10-12T02:00:00.0000000+02:00;138.02
0060012466;2012-10-15T02:00:00.0000000+02:00;138.36
0060012466;2012-10-16T02:00:00.0000000+02:00;140.26
0060012466;2012-10-17T02:00:00.0000000+02:00;139.97
0060012466;2012-10-18T02:00:00.0000000+02:00;140.35
0060012466;2012-10-19T02:00:00.0000000+02:00;140.25
0060012466;2012-10-22T02:00:00.0000000+02:00;140.03
0060012466;2012-10-23T02:00:00.0000000+02:00;138.60
0060012466;2012-10-24T02:00:00.0000000+02:00;138.59
0060012466;2012-10-25T02:00:00.0000000+02:00;140.03
0060012466;2012-10-26T02:00:00.0000000+02:00;139.49
0060012466;2012-10-29T01:00:00.0000000+01:00;139.28
0060012466;2012-10-30T01:00:00.0000000+01:00;138.61
0060012466;2012-10-31T01:00:00.0000000+01:00;137.53
0060012466;2012-11-01T01:00:00.0000000+01:00;138.80
0060012466;2012-11-02T01:00:00.0000000+01:00;139.67
0060012466;2012-11-05T01:00:00.0000000+01:00;139.28
0060012466;2012-11-06T01:00:00.0000000+01:00;139.28
0060012466;2012-11-07T01:00:00.0000000+01:00;139.27
0060012466;2012-11-08T01:00:00.0000000+01:00;138.95
0060012466;2012-11-09T01:00:00.0000000+01:00;139.88
0060012466;2012-11-12T01:00:00.0000000+01:00;140.16
0060012466;2012-11-13T01:00:00.0000000+01:00;138.91
0060012466;2012-11-14T01:00:00.0000000+01:00;138.58
0060012466;2012-11-15T01:00:00.0000000+01:00;136.55
0060012466;2012-11-16T01:00:00.0000000+01:00;136.29
0060012466;2012-11-19T01:00:00.0000000+01:00;137.21
0060012466;2012-11-20T01:00:00.0000000+01:00;138.14
0060012466;2012-11-21T01:00:00.0000000+01:00;138.51
0060012466;2012-11-22T01:00:00.0000000+01:00;139.13
0060012466;2012-11-23T01:00:00.0000000+01:00;139.44
0060012466;2012-11-26T01:00:00.0000000+01:00;138.64
0060012466;2012-11-27T01:00:00.0000000+01:00;138.99
0060012466;2012-11-28T01:00:00.0000000+01:00;137.69
0060012466;2012-11-29T01:00:00.0000000+01:00;139.56
0060012466;2012-11-30T01:00:00.0000000+01:00;139.89
0060012466;2012-12-03T01:00:00.0000000+01:00;140.45
0060012466;2012-12-04T01:00:00.0000000+01:00;140.34
0060012466;2012-12-05T01:00:00.0000000+01:00;140.95
0060012466;2012-12-06T01:00:00.0000000+01:00;142.00
0060012466;2012-12-07T01:00:00.0000000+01:00;142.24
0060012466;2012-12-10T01:00:00.0000000+01:00;142.10
0060012466;2012-12-11T01:00:00.0000000+01:00;142.61
0060012466;2012-12-12T01:00:00.0000000+01:00;142.45
0060012466;2012-12-13T01:00:00.0000000+01:00;141.95
0060012466;2012-12-14T01:00:00.0000000+01:00;142.21
0060012466;2012-12-17T01:00:00.0000000+01:00;140.65
0060012466;2012-12-18T01:00:00.0000000+01:00;140.90
0060012466;2012-12-19T01:00:00.0000000+01:00;141.18
0060012466;2012-12-20T01:00:00.0000000+01:00;142.16
0060012466;2012-12-21T01:00:00.0000000+01:00;142.42
0060012466;2012-12-27T01:00:00.0000000+01:00;142.51
0060012466;2012-12-28T01:00:00.0000000+01:00;142.10
0060012466;2012-12-31T01:00:00.0000000+01:00;142.03
0060012466;2013-01-02T01:00:00.0000000+01:00;144.77
0060012466;2013-01-03T01:00:00.0000000+01:00;145.28
0060012466;2013-01-04T01:00:00.0000000+01:00;146.18
0060012466;2013-01-07T01:00:00.0000000+01:00;146.99
0060012466;2013-01-08T01:00:00.0000000+01:00;147.41
0060012466;2013-01-09T01:00:00.0000000+01:00;148.32
0060012466;2013-01-10T01:00:00.0000000+01:00;149.32
0060012466;2013-01-11T01:00:00.0000000+01:00;149.07
0060012466;2013-01-14T01:00:00.0000000+01:00;149.07
0060012466;2013-01-15T01:00:00.0000000+01:00;149.28
0060012466;2013-01-16T01:00:00.0000000+01:00;149.70
0060012466;2013-01-17T01:00:00.0000000+01:00;150.51
0060012466;2013-01-18T01:00:00.0000000+01:00;151.04
0060012466;2013-01-21T01:00:00.0000000+01:00;152.12
0060012466;2013-01-22T01:00:00.0000000+01:00;151.52
0060012466;2013-01-23T01:00:00.0000000+01:00;151.22
0060012466;2013-01-24T01:00:00.0000000+01:00;151.34
0060012466;2013-01-25T01:00:00.0000000+01:00;152.67
0060012466;2013-01-28T01:00:00.0000000+01:00;152.35
0060012466;2013-01-29T01:00:00.0000000+01:00;152.06
0060012466;2013-01-30T01:00:00.0000000+01:00;152.15
0060012466;2013-01-31T01:00:00.0000000+01:00;151.43
0060012466;2013-02-01T01:00:00.0000000+01:00;153.36
0060012466;2013-02-04T01:00:00.0000000+01:00;152.36
0060012466;2013-02-05T01:00:00.0000000+01:00;153.24
0060012466;2013-02-06T01:00:00.0000000+01:00;152.48
0060012466;2013-02-07T01:00:00.0000000+01:00;153.27
0060012466;2013-02-08T01:00:00.0000000+01:00;154.33
0060012466;2013-02-11T01:00:00.0000000+01:00;151.45
0060012466;2013-02-12T01:00:00.0000000+01:00;152.32
0060012466;2013-02-13T01:00:00.0000000+01:00;153.45
0060012466;2013-02-14T01:00:00.0000000+01:00;153.95
0060012466;2013-02-15T01:00:00.0000000+01:00;154.16
0060012466;2013-02-18T01:00:00.0000000+01:00;152.92
0060012466;2013-02-19T01:00:00.0000000+01:00;154.66
0060012466;2013-02-20T01:00:00.0000000+01:00;155.80
0060012466;2013-02-21T01:00:00.0000000+01:00;154.62
0060012466;2013-02-22T01:00:00.0000000+01:00;155.72
0060012466;2013-02-25T01:00:00.0000000+01:00;156.21
0060012466;2013-02-26T01:00:00.0000000+01:00;155.57
0060012466;2013-02-27T01:00:00.0000000+01:00;156.07
0060012466;2013-02-28T01:00:00.0000000+01:00;157.29
0060012466;2013-03-01T01:00:00.0000000+01:00;157.60
0060012466;2013-03-04T01:00:00.0000000+01:00;158.58
0060012466;2013-03-05T01:00:00.0000000+01:00;160.85
0060012466;2013-03-06T01:00:00.0000000+01:00;160.03
0060012466;2013-03-07T01:00:00.0000000+01:00;159.83
0060012466;2013-03-08T01:00:00.0000000+01:00;161.27
0060012466;2013-03-11T01:00:00.0000000+01:00;161.75
0060012466;2013-03-12T01:00:00.0000000+01:00;162.25
0060012466;2013-03-13T01:00:00.0000000+01:00;162.15
0060012466;2013-03-14T01:00:00.0000000+01:00;162.42
0060012466;2013-03-15T01:00:00.0000000+01:00;162.86
0060012466;2013-03-18T01:00:00.0000000+01:00;161.50
0060012466;2013-03-19T01:00:00.0000000+01:00;161.99
0060012466;2013-03-20T01:00:00.0000000+01:00;161.73
0060012466;2013-03-21T01:00:00.0000000+01:00;161.80
0060012466;2013-03-22T01:00:00.0000000+01:00;161.67
0060012466;2013-03-25T01:00:00.0000000+01:00;161.95
0060012466;2013-03-26T01:00:00.0000000+01:00;162.09
0060012466;2013-03-27T01:00:00.0000000+01:00;161.31
0060012466;2013-04-02T02:00:00.0000000+02:00;163.86
0060012466;2013-04-03T02:00:00.0000000+02:00;164.33
0060012466;2013-04-04T02:00:00.0000000+02:00;161.91
0060012466;2013-04-05T02:00:00.0000000+02:00;159.08
0060012466;2013-04-08T02:00:00.0000000+02:00;159.98
0060012466;2013-04-09T02:00:00.0000000+02:00;160.09
0060012466;2013-04-10T02:00:00.0000000+02:00;161.96
0060012466;2013-04-11T02:00:00.0000000+02:00;162.96
0060012466;2013-04-12T02:00:00.0000000+02:00;162.26
0060012466;2013-04-15T02:00:00.0000000+02:00;161.49
0060012466;2013-04-16T02:00:00.0000000+02:00;160.23
0060012466;2013-04-17T02:00:00.0000000+02:00;158.44
0060012466;2013-04-18T02:00:00.0000000+02:00;157.72
0060012466;2013-04-19T02:00:00.0000000+02:00;159.21
0060012466;2013-04-22T02:00:00.0000000+02:00;159.15
0060012466;2013-04-23T02:00:00.0000000+02:00;161.36
0060012466;2013-04-24T02:00:00.0000000+02:00;162.00
0060012466;2013-04-25T02:00:00.0000000+02:00;161.70
0060012466;2013-04-29T02:00:00.0000000+02:00;162.47
0060012466;2013-04-30T02:00:00.0000000+02:00;162.60
0060012466;2013-05-01T02:00:00.0000000+02:00;163.29
0060012466;2013-05-02T02:00:00.0000000+02:00;162.79
0060012466;2013-05-03T02:00:00.0000000+02:00;162.83
0060012466;2013-05-06T02:00:00.0000000+02:00;163.15
0060012466;2013-05-07T02:00:00.0000000+02:00;163.75
0060012466;2013-05-08T02:00:00.0000000+02:00;166.06
0060012466;2013-05-13T02:00:00.0000000+02:00;166.94
0060012466;2013-05-14T02:00:00.0000000+02:00;168.58
0060012466;2013-05-15T02:00:00.0000000+02:00;168.51
0060012466;2013-05-16T02:00:00.0000000+02:00;168.07
0060012466;2013-05-17T02:00:00.0000000+02:00;168.51
0060012466;2013-05-21T02:00:00.0000000+02:00;169.13
0060012466;2013-05-22T02:00:00.0000000+02:00;169.82
0060012466;2013-05-23T02:00:00.0000000+02:00;167.47
0060012466;2013-05-24T02:00:00.0000000+02:00;168.64
0060012466;2013-05-27T02:00:00.0000000+02:00;169.54
0060012466;2013-05-28T02:00:00.0000000+02:00;171.62
0060012466;2013-05-29T02:00:00.0000000+02:00;169.64
0060012466;2013-05-30T02:00:00.0000000+02:00;170.00
0060012466;2013-05-31T02:00:00.0000000+02:00;168.71
0060012466;2013-06-03T02:00:00.0000000+02:00;167.61
0060012466;2013-06-04T02:00:00.0000000+02:00;168.38
0060012466;2013-06-06T02:00:00.0000000+02:00;165.39
0060012466;2013-06-07T02:00:00.0000000+02:00;165.51
0060012466;2013-06-10T02:00:00.0000000+02:00;166.13
0060012466;2013-06-11T02:00:00.0000000+02:00;162.88
0060012466;2013-06-12T02:00:00.0000000+02:00;163.17
0060012466;2013-06-13T02:00:00.0000000+02:00;162.14
0060012466;2013-06-14T02:00:00.0000000+02:00;162.97
0060012466;2013-06-17T02:00:00.0000000+02:00;162.87
0060012466;2013-06-18T02:00:00.0000000+02:00;162.61
0060012466;2013-06-19T02:00:00.0000000+02:00;161.53
0060012466;2013-06-20T02:00:00.0000000+02:00;158.17
0060012466;2013-06-21T02:00:00.0000000+02:00;158.19
0060012466;2013-06-24T02:00:00.0000000+02:00;154.84
0060012466;2013-06-25T02:00:00.0000000+02:00;157.11
0060012466;2013-06-26T02:00:00.0000000+02:00;159.83
0060012466;2013-06-27T02:00:00.0000000+02:00;161.93
0060012466;2013-06-28T02:00:00.0000000+02:00;160.19
0060012466;2013-06-30T02:00:00.0000000+02:00;161.08
0060012466;2013-07-01T02:00:00.0000000+02:00;162.32
0060012466;2013-07-02T02:00:00.0000000+02:00;162.99
0060012466;2013-07-03T02:00:00.0000000+02:00;161.52
0060012466;2013-07-04T02:00:00.0000000+02:00;163.95
0060012466;2013-07-05T02:00:00.0000000+02:00;164.20
0060012466;2013-07-08T02:00:00.0000000+02:00;166.38
0060012466;2013-07-09T02:00:00.0000000+02:00;166.83
0060012466;2013-07-10T02:00:00.0000000+02:00;168.14
0060012466;2013-07-11T02:00:00.0000000+02:00;168.68
0060012466;2013-07-12T02:00:00.0000000+02:00;169.57
0060012466;2013-07-15T02:00:00.0000000+02:00;169.51
0060012466;2013-07-16T02:00:00.0000000+02:00;168.82
0060012466;2013-07-17T02:00:00.0000000+02:00;169.43
0060012466;2013-07-18T02:00:00.0000000+02:00;170.28
0060012466;2013-07-19T02:00:00.0000000+02:00;170.08
0060012466;2013-07-22T02:00:00.0000000+02:00;169.99
0060012466;2013-07-23T02:00:00.0000000+02:00;170.67
0060012466;2013-07-24T02:00:00.0000000+02:00;171.75
0060012466;2013-07-25T02:00:00.0000000+02:00;170.38
0060012466;2013-07-26T02:00:00.0000000+02:00;169.78
0060012466;2013-07-29T02:00:00.0000000+02:00;170.29
0060012466;2013-07-30T02:00:00.0000000+02:00;171.39
0060012466;2013-07-31T02:00:00.0000000+02:00;171.21
0060012466;2013-08-01T02:00:00.0000000+02:00;174.44
0060012466;2013-08-02T02:00:00.0000000+02:00;174.94
0060012466;2013-08-05T02:00:00.0000000+02:00;175.61
0060012466;2013-08-06T02:00:00.0000000+02:00;174.56
0060012466;2013-08-07T02:00:00.0000000+02:00;173.51
0060012466;2013-08-08T02:00:00.0000000+02:00;174.26
0060012466;2013-08-09T02:00:00.0000000+02:00;175.88
0060012466;2013-08-12T02:00:00.0000000+02:00;175.88
0060012466;2013-08-13T02:00:00.0000000+02:00;177.30
0060012466;2013-08-14T02:00:00.0000000+02:00;178.02
0060012466;2013-08-15T02:00:00.0000000+02:00;176.86
0060012466;2013-08-16T02:00:00.0000000+02:00;178.73
0060012466;2013-08-19T02:00:00.0000000+02:00;178.99
0060012466;2013-08-20T02:00:00.0000000+02:00;178.37
0060012466;2013-08-21T02:00:00.0000000+02:00;178.32
0060012466;2013-08-22T02:00:00.0000000+02:00;179.43
0060012466;2013-08-23T02:00:00.0000000+02:00;180.39
0060012466;2013-08-26T02:00:00.0000000+02:00;181.22
0060012466;2013-08-27T02:00:00.0000000+02:00;177.57
0060012466;2013-08-28T02:00:00.0000000+02:00;177.47
0060012466;2013-08-29T02:00:00.0000000+02:00;179.04
0060012466;2013-08-30T02:00:00.0000000+02:00;177.48
0060012466;2013-09-02T02:00:00.0000000+02:00;179.64
0060012466;2013-09-03T02:00:00.0000000+02:00;179.71
0060012466;2013-09-04T02:00:00.0000000+02:00;179.69
0060012466;2013-09-05T02:00:00.0000000+02:00;180.90
0060012466;2013-09-06T02:00:00.0000000+02:00;181.26
0060012466;2013-09-09T02:00:00.0000000+02:00;183.28
0060012466;2013-09-10T02:00:00.0000000+02:00;186.53
0060012466;2013-09-11T02:00:00.0000000+02:00;186.49
0060012466;2013-09-12T02:00:00.0000000+02:00;186.48
0060012466;2013-09-13T02:00:00.0000000+02:00;186.68
0060012466;2013-09-16T02:00:00.0000000+02:00;188.37
0060012466;2013-09-17T02:00:00.0000000+02:00;188.09
0060012466;2013-09-18T02:00:00.0000000+02:00;188.50
0060012466;2013-09-19T02:00:00.0000000+02:00;191.26
0060012466;2013-09-20T02:00:00.0000000+02:00;191.50
0060012466;2013-09-23T02:00:00.0000000+02:00;189.69
0060012466;2013-09-24T02:00:00.0000000+02:00;190.23
0060012466;2013-09-25T02:00:00.0000000+02:00;189.01
0060012466;2013-09-26T02:00:00.0000000+02:00;189.69
0060012466;2013-09-27T02:00:00.0000000+02:00;189.42
0060012466;2013-09-30T02:00:00.0000000+02:00;187.88
0060012466;2013-10-01T02:00:00.0000000+02:00;189.69
0060012466;2013-10-02T02:00:00.0000000+02:00;189.04
0060012466;2013-10-03T02:00:00.0000000+02:00;189.72
0060012466;2013-10-04T02:00:00.0000000+02:00;189.57
0060012466;2013-10-07T02:00:00.0000000+02:00;190.38
0060012466;2013-10-08T02:00:00.0000000+02:00;190.51
0060012466;2013-10-09T02:00:00.0000000+02:00;189.15
0060012466;2013-10-10T02:00:00.0000000+02:00;191.73
0060012466;2013-10-11T02:00:00.0000000+02:00;192.08
0060012466;2013-10-14T02:00:00.0000000+02:00;191.93
0060012466;2013-10-15T02:00:00.0000000+02:00;192.81
0060012466;2013-10-16T02:00:00.0000000+02:00;195.00
0060012466;2013-10-17T02:00:00.0000000+02:00;194.87
0060012466;2013-10-18T02:00:00.0000000+02:00;195.60
0060012466;2013-10-21T02:00:00.0000000+02:00;196.78
0060012466;2013-10-22T02:00:00.0000000+02:00;198.90
0060012466;2013-10-23T02:00:00.0000000+02:00;198.30
0060012466;2013-10-24T02:00:00.0000000+02:00;198.80
0060012466;2013-10-25T02:00:00.0000000+02:00;198.18
0060012466;2013-10-28T01:00:00.0000000+01:00;197.08
0060012466;2013-10-29T01:00:00.0000000+01:00;197.99
0060012466;2013-10-30T01:00:00.0000000+01:00;197.96
0060012466;2013-10-31T01:00:00.0000000+01:00;197.25
0060012466;2013-11-01T01:00:00.0000000+01:00;197.72
0060012466;2013-11-04T01:00:00.0000000+01:00;197.84
0060012466;2013-11-05T01:00:00.0000000+01:00;196.08
0060012466;2013-11-06T01:00:00.0000000+01:00;198.99
0060012466;2013-11-07T01:00:00.0000000+01:00;198.71
0060012466;2013-11-08T01:00:00.0000000+01:00;197.75
0060012466;2013-11-11T01:00:00.0000000+01:00;198.65
0060012466;2013-11-12T01:00:00.0000000+01:00;196.79
0060012466;2013-11-13T01:00:00.0000000+01:00;195.83
0060012466;2013-11-14T01:00:00.0000000+01:00;196.85
0060012466;2013-11-15T01:00:00.0000000+01:00;196.85
0060012466;2013-11-18T01:00:00.0000000+01:00;199.76
0060012466;2013-11-19T01:00:00.0000000+01:00;197.98
0060012466;2013-11-20T01:00:00.0000000+01:00;197.25
0060012466;2013-11-21T01:00:00.0000000+01:00;198.04
0060012466;2013-11-22T01:00:00.0000000+01:00;197.41
0060012466;2013-11-25T01:00:00.0000000+01:00;198.81
0060012466;2013-11-26T01:00:00.0000000+01:00;199.18
0060012466;2013-11-27T01:00:00.0000000+01:00;200.55
0060012466;2013-11-28T01:00:00.0000000+01:00;202.66
0060012466;2013-11-29T01:00:00.0000000+01:00;203.03
0060012466;2013-12-02T01:00:00.0000000+01:00;203.27
0060012466;2013-12-03T01:00:00.0000000+01:00;200.66
0060012466;2013-12-04T01:00:00.0000000+01:00;198.95
0060012466;2013-12-05T01:00:00.0000000+01:00;198.92
0060012466;2013-12-06T01:00:00.0000000+01:00;198.40
0060012466;2013-12-09T01:00:00.0000000+01:00;199.92
0060012466;2013-12-10T01:00:00.0000000+01:00;200.15
0060012466;2013-12-11T01:00:00.0000000+01:00;200.74
0060012466;2013-12-12T01:00:00.0000000+01:00;198.09
0060012466;2013-12-13T01:00:00.0000000+01:00;197.70
0060012466;2013-12-16T01:00:00.0000000+01:00;198.85
0060012466;2013-12-17T01:00:00.0000000+01:00;197.82
0060012466;2013-12-18T01:00:00.0000000+01:00;199.18
0060012466;2013-12-19T01:00:00.0000000+01:00;201.81
0060012466;2013-12-20T01:00:00.0000000+01:00;204.07
0060012466;2013-12-23T01:00:00.0000000+01:00;204.90
0060012466;2013-12-27T01:00:00.0000000+01:00;206.94
0060012466;2013-12-30T01:00:00.0000000+01:00;207.42
0060012466;2013-12-31T01:00:00.0000000+01:00;207.39
0060012466;2014-01-02T01:00:00.0000000+01:00;208.59
0060012466;2014-01-03T01:00:00.0000000+01:00;211.79
0060012466;2014-01-06T01:00:00.0000000+01:00;213.96
0060012466;2014-01-07T01:00:00.0000000+01:00;216.16
0060012466;2014-01-08T01:00:00.0000000+01:00;216.49
0060012466;2014-01-09T01:00:00.0000000+01:00;216.42
0060012466;2014-01-10T01:00:00.0000000+01:00;217.73
0060012466;2014-01-13T01:00:00.0000000+01:00;218.25
0060012466;2014-01-14T01:00:00.0000000+01:00;216.83
0060012466;2014-01-15T01:00:00.0000000+01:00;218.97
0060012466;2014-01-16T01:00:00.0000000+01:00;219.30
0060012466;2014-01-17T01:00:00.0000000+01:00;219.74
0060012466;2014-01-20T01:00:00.0000000+01:00;219.68
0060012466;2014-01-21T01:00:00.0000000+01:00;221.15
0060012466;2014-01-22T01:00:00.0000000+01:00;220.88
0060012466;2014-01-23T01:00:00.0000000+01:00;219.46
0060012466;2014-01-24T01:00:00.0000000+01:00;214.92
0060012466;2014-01-27T01:00:00.0000000+01:00;208.99
0060012466;2014-01-28T01:00:00.0000000+01:00;211.52
0060012466;2014-01-29T01:00:00.0000000+01:00;209.71
0060012466;2014-01-30T01:00:00.0000000+01:00;213.49
0060012466;2014-01-31T01:00:00.0000000+01:00;213.71
0060012466;2014-02-03T01:00:00.0000000+01:00;212.97
0060012466;2014-02-04T01:00:00.0000000+01:00;211.27
0060012466;2014-02-05T01:00:00.0000000+01:00;214.17
0060012466;2014-02-06T01:00:00.0000000+01:00;216.80
0060012466;2014-02-07T01:00:00.0000000+01:00;218.91
0060012466;2014-02-10T01:00:00.0000000+01:00;220.39
0060012466;2014-02-11T01:00:00.0000000+01:00;221.75
0060012466;2014-02-12T01:00:00.0000000+01:00;222.37
0060012466;2014-02-13T01:00:00.0000000+01:00;221.89
0060012466;2014-02-14T01:00:00.0000000+01:00;223.48
0060012466;2014-02-17T01:00:00.0000000+01:00;223.87
0060012466;2014-02-18T01:00:00.0000000+01:00;223.13
0060012466;2014-02-19T01:00:00.0000000+01:00;225.95
0060012466;2014-02-20T01:00:00.0000000+01:00;225.72
0060012466;2014-02-21T01:00:00.0000000+01:00;227.70
0060012466;2014-02-24T01:00:00.0000000+01:00;229.48
0060012466;2014-02-25T01:00:00.0000000+01:00;232.50
0060012466;2014-02-26T01:00:00.0000000+01:00;232.09
0060012466;2014-02-27T01:00:00.0000000+01:00;230.26
0060012466;2014-02-28T01:00:00.0000000+01:00;232.68
0060012466;2014-03-03T01:00:00.0000000+01:00;226.68
0060012466;2014-03-04T01:00:00.0000000+01:00;231.72
0060012466;2014-03-05T01:00:00.0000000+01:00;232.55
0060012466;2014-03-06T01:00:00.0000000+01:00;234.46
0060012466;2014-03-07T01:00:00.0000000+01:00;233.53
0060012466;2014-03-10T01:00:00.0000000+01:00;232.24
0060012466;2014-03-11T01:00:00.0000000+01:00;233.73
0060012466;2014-03-12T01:00:00.0000000+01:00;230.70
0060012466;2014-03-13T01:00:00.0000000+01:00;231.11
0060012466;2014-03-14T01:00:00.0000000+01:00;226.44
0060012466;2014-03-17T01:00:00.0000000+01:00;228.64
0060012466;2014-03-18T01:00:00.0000000+01:00;230.15
0060012466;2014-03-19T01:00:00.0000000+01:00;230.24
0060012466;2014-03-20T01:00:00.0000000+01:00;228.54
0060012466;2014-03-21T01:00:00.0000000+01:00;229.51
0060012466;2014-03-24T01:00:00.0000000+01:00;226.90
0060012466;2014-03-25T01:00:00.0000000+01:00;227.73
0060012466;2014-03-26T01:00:00.0000000+01:00;230.18
0060012466;2014-03-27T01:00:00.0000000+01:00;231.68
0060012466;2014-03-28T01:00:00.0000000+01:00;235.66
0060012466;2014-03-31T02:00:00.0000000+02:00;237.83
0060012466;2014-04-01T02:00:00.0000000+02:00;239.97
0060012466;2014-04-02T02:00:00.0000000+02:00;242.40
0060012466;2014-04-03T02:00:00.0000000+02:00;242.23
0060012466;2014-04-04T02:00:00.0000000+02:00;243.60
0060012466;2014-04-07T02:00:00.0000000+02:00;240.60
0060012466;2014-04-08T02:00:00.0000000+02:00;236.42
0060012466;2014-04-09T02:00:00.0000000+02:00;238.84
0060012466;2014-04-10T02:00:00.0000000+02:00;237.92
0060012466;2014-04-11T02:00:00.0000000+02:00;233.36
0060012466;2014-04-14T02:00:00.0000000+02:00;228.95
0060012466;2014-04-15T02:00:00.0000000+02:00;228.72
0060012466;2014-04-16T02:00:00.0000000+02:00;232.23
0060012466;2014-04-22T02:00:00.0000000+02:00;237.98
0060012466;2014-04-23T02:00:00.0000000+02:00;238.47
0060012466;2014-04-24T02:00:00.0000000+02:00;238.66
0060012466;2014-04-25T02:00:00.0000000+02:00;236.81
0060012466;2014-04-28T02:00:00.0000000+02:00;236.76
0060012466;2014-04-29T02:00:00.0000000+02:00;238.50
0060012466;2014-04-30T02:00:00.0000000+02:00;240.04
0060012466;2014-05-01T02:00:00.0000000+02:00;241.50
0060012466;2014-05-02T02:00:00.0000000+02:00;242.48
0060012466;2014-05-05T02:00:00.0000000+02:00;243.52
0060012466;2014-05-06T02:00:00.0000000+02:00;243.32
0060012466;2014-05-07T02:00:00.0000000+02:00;242.47
0060012466;2014-05-08T02:00:00.0000000+02:00;242.87
0060012466;2014-05-09T02:00:00.0000000+02:00;244.58
0060012466;2014-05-12T02:00:00.0000000+02:00;247.87
0060012466;2014-05-13T02:00:00.0000000+02:00;248.89
0060012466;2014-05-14T02:00:00.0000000+02:00;250.03
0060012466;2014-05-15T02:00:00.0000000+02:00;249.65
0060012466;2014-05-19T02:00:00.0000000+02:00;249.04
0060012466;2014-05-20T02:00:00.0000000+02:00;251.31
0060012466;2014-05-21T02:00:00.0000000+02:00;253.63
0060012466;2014-05-22T02:00:00.0000000+02:00;254.71
0060012466;2014-05-23T02:00:00.0000000+02:00;253.13
0060012466;2014-05-26T02:00:00.0000000+02:00;255.79
0060012466;2014-05-27T02:00:00.0000000+02:00;256.76
0060012466;2014-05-28T02:00:00.0000000+02:00;257.02
0060012466;2014-06-02T02:00:00.0000000+02:00;257.33
0060012466;2014-06-03T02:00:00.0000000+02:00;256.31
0060012466;2014-06-04T02:00:00.0000000+02:00;257.63
0060012466;2014-06-06T02:00:00.0000000+02:00;260.38
0060012466;2014-06-10T02:00:00.0000000+02:00;260.76
0060012466;2014-06-11T02:00:00.0000000+02:00;258.59
0060012466;2014-06-12T02:00:00.0000000+02:00;259.04
0060012466;2014-06-13T02:00:00.0000000+02:00;259.54
0060012466;2014-06-16T02:00:00.0000000+02:00;258.28
0060012466;2014-06-17T02:00:00.0000000+02:00;257.84
0060012466;2014-06-18T02:00:00.0000000+02:00;259.73
0060012466;2014-06-19T02:00:00.0000000+02:00;260.95
0060012466;2014-06-20T02:00:00.0000000+02:00;260.50
0060012466;2014-06-23T02:00:00.0000000+02:00;259.36
0060012466;2014-06-24T02:00:00.0000000+02:00;258.27
0060012466;2014-06-25T02:00:00.0000000+02:00;255.82
0060012466;2014-06-26T02:00:00.0000000+02:00;256.50
0060012466;2014-06-27T02:00:00.0000000+02:00;258.21
0060012466;2014-06-30T02:00:00.0000000+02:00;258.86
0060012466;2014-07-01T02:00:00.0000000+02:00;259.81
0060012466;2014-07-02T02:00:00.0000000+02:00;261.35
0060012466;2014-07-03T02:00:00.0000000+02:00;262.77
0060012466;2014-07-04T02:00:00.0000000+02:00;262.32
0060012466;2014-07-07T02:00:00.0000000+02:00;260.40
0060012466;2014-07-08T02:00:00.0000000+02:00;256.68
0060012466;2014-07-09T02:00:00.0000000+02:00;255.11
0060012466;2014-07-10T02:00:00.0000000+02:00;252.73
0060012466;2014-07-11T02:00:00.0000000+02:00;254.92
0060012466;2014-07-14T02:00:00.0000000+02:00;257.25
0060012466;2014-07-15T02:00:00.0000000+02:00;255.75
0060012466;2014-07-16T02:00:00.0000000+02:00;257.57
0060012466;2014-07-17T02:00:00.0000000+02:00;256.88
0060012466;2014-07-18T02:00:00.0000000+02:00;254.82
0060012466;2014-07-21T02:00:00.0000000+02:00;253.88
0060012466;2014-07-22T02:00:00.0000000+02:00;257.01
0060012466;2014-07-23T02:00:00.0000000+02:00;255.36
0060012466;2014-07-24T02:00:00.0000000+02:00;256.86
0060012466;2014-07-25T02:00:00.0000000+02:00;257.07
0060012466;2014-07-28T02:00:00.0000000+02:00;255.51
0060012466;2014-07-29T02:00:00.0000000+02:00;256.73
0060012466;2014-07-30T02:00:00.0000000+02:00;256.09
0060012466;2014-07-31T02:00:00.0000000+02:00;253.48
0060012466;2014-08-01T02:00:00.0000000+02:00;249.69
0060012466;2014-08-04T02:00:00.0000000+02:00;250.42
0060012466;2014-08-05T02:00:00.0000000+02:00;251.75
0060012466;2014-08-06T02:00:00.0000000+02:00;248.23
0060012466;2014-08-07T02:00:00.0000000+02:00;247.41
0060012466;2014-08-08T02:00:00.0000000+02:00;244.15
0060012466;2014-08-11T02:00:00.0000000+02:00;249.94
0060012466;2014-08-12T02:00:00.0000000+02:00;252.89
0060012466;2014-08-13T02:00:00.0000000+02:00;253.31
0060012466;2014-08-14T02:00:00.0000000+02:00;253.32
0060012466;2014-08-15T02:00:00.0000000+02:00;254.36
0060012466;2014-08-18T02:00:00.0000000+02:00;256.95
0060012466;2014-08-19T02:00:00.0000000+02:00;259.76
0060012466;2014-08-20T02:00:00.0000000+02:00;257.90
0060012466;2014-08-21T02:00:00.0000000+02:00;258.92
0060012466;2014-08-22T02:00:00.0000000+02:00;258.22
0060012466;2014-08-25T02:00:00.0000000+02:00;259.60
0060012466;2014-08-26T02:00:00.0000000+02:00;259.23
0060012466;2014-08-27T02:00:00.0000000+02:00;259.98
0060012466;2014-08-28T02:00:00.0000000+02:00;258.28
0060012466;2014-08-29T02:00:00.0000000+02:00;256.99
0060012466;2014-09-01T02:00:00.0000000+02:00;256.50
0060012466;2014-09-02T02:00:00.0000000+02:00;256.05
0060012466;2014-09-03T02:00:00.0000000+02:00;258.30
0060012466;2014-09-04T02:00:00.0000000+02:00;258.59
0060012466;2014-09-05T02:00:00.0000000+02:00;257.16
0060012466;2014-09-08T02:00:00.0000000+02:00;258.22
0060012466;2014-09-09T02:00:00.0000000+02:00;257.72
0060012466;2014-09-10T02:00:00.0000000+02:00;257.65
0060012466;2014-09-11T02:00:00.0000000+02:00;257.79
0060012466;2014-09-12T02:00:00.0000000+02:00;258.92
0060012466;2014-09-15T02:00:00.0000000+02:00;258.61
0060012466;2014-09-16T02:00:00.0000000+02:00;256.31
0060012466;2014-09-17T02:00:00.0000000+02:00;258.93
0060012466;2014-09-18T02:00:00.0000000+02:00;260.64
0060012466;2014-09-19T02:00:00.0000000+02:00;261.69
0060012466;2014-09-22T02:00:00.0000000+02:00;261.82
0060012466;2014-09-23T02:00:00.0000000+02:00;258.87
0060012466;2014-09-24T02:00:00.0000000+02:00;257.88
0060012466;2014-09-25T02:00:00.0000000+02:00;257.20
0060012466;2014-09-26T02:00:00.0000000+02:00;258.42
0060012466;2014-09-29T02:00:00.0000000+02:00;257.05
0060012466;2014-09-30T02:00:00.0000000+02:00;257.45
0060012466;2014-10-01T02:00:00.0000000+02:00;256.77
0060012466;2014-10-02T02:00:00.0000000+02:00;252.86
0060012466;2014-10-03T02:00:00.0000000+02:00;254.95
0060012466;2014-10-06T02:00:00.0000000+02:00;254.71
0060012466;2014-10-07T02:00:00.0000000+02:00;250.14
0060012466;2014-10-08T02:00:00.0000000+02:00;245.59
0060012466;2014-10-09T02:00:00.0000000+02:00;244.20
0060012466;2014-10-10T02:00:00.0000000+02:00;240.11
0060012466;2014-10-13T02:00:00.0000000+02:00;237.96
0060012466;2014-10-14T02:00:00.0000000+02:00;238.39
0060012466;2014-10-15T02:00:00.0000000+02:00;234.11
0060012466;2014-10-16T02:00:00.0000000+02:00;229.73
0060012466;2014-10-17T02:00:00.0000000+02:00;237.65
0060012466;2014-10-20T02:00:00.0000000+02:00;239.18
0060012466;2014-10-21T02:00:00.0000000+02:00;244.97
0060012466;2014-10-22T02:00:00.0000000+02:00;248.66
0060012466;2014-10-23T02:00:00.0000000+02:00;250.42
0060012466;2014-10-24T02:00:00.0000000+02:00;249.23
0060012466;2014-10-27T01:00:00.0000000+01:00;249.46
0060012466;2014-10-28T01:00:00.0000000+01:00;249.97
0060012466;2014-10-29T01:00:00.0000000+01:00;251.60
0060012466;2014-10-30T01:00:00.0000000+01:00;254.06
0060012466;2014-10-31T01:00:00.0000000+01:00;256.46
0060012466;2014-11-03T01:00:00.0000000+01:00;253.97
0060012466;2014-11-04T01:00:00.0000000+01:00;254.00
0060012466;2014-11-05T01:00:00.0000000+01:00;253.72
0060012466;2014-11-06T01:00:00.0000000+01:00;254.12
0060012466;2014-11-07T01:00:00.0000000+01:00;254.14
0060012466;2014-11-10T01:00:00.0000000+01:00;255.45
0060012466;2014-11-11T01:00:00.0000000+01:00;254.89
0060012466;2014-11-12T01:00:00.0000000+01:00;253.62
0060012466;2014-11-13T01:00:00.0000000+01:00;253.93
0060012466;2014-11-14T01:00:00.0000000+01:00;253.93
0060012466;2014-11-17T01:00:00.0000000+01:00;253.50
0060012466;2014-11-18T01:00:00.0000000+01:00;256.80
0060012466;2014-11-19T01:00:00.0000000+01:00;257.72
0060012466;2014-11-20T01:00:00.0000000+01:00;257.11
0060012466;2014-11-21T01:00:00.0000000+01:00;260.36
0060012466;2014-11-24T01:00:00.0000000+01:00;262.49
0060012466;2014-11-25T01:00:00.0000000+01:00;263.97
0060012466;2014-11-26T01:00:00.0000000+01:00;264.15
0060012466;2014-11-27T01:00:00.0000000+01:00;264.58
0060012466;2014-11-28T01:00:00.0000000+01:00;262.90
0060012466;2014-12-01T01:00:00.0000000+01:00;261.17
0060012466;2014-12-02T01:00:00.0000000+01:00;263.51
0060012466;2014-12-03T01:00:00.0000000+01:00;263.63
0060012466;2014-12-04T01:00:00.0000000+01:00;262.22
0060012466;2014-12-05T01:00:00.0000000+01:00;266.38
0060012466;2014-12-08T01:00:00.0000000+01:00;266.50
0060012466;2014-12-09T01:00:00.0000000+01:00;263.67
0060012466;2014-12-10T01:00:00.0000000+01:00;263.02
0060012466;2014-12-11T01:00:00.0000000+01:00;262.67
0060012466;2014-12-12T01:00:00.0000000+01:00;259.45
0060012466;2014-12-15T01:00:00.0000000+01:00;256.05
0060012466;2014-12-16T01:00:00.0000000+01:00;252.21
0060012466;2014-12-17T01:00:00.0000000+01:00;255.53
0060012466;2014-12-18T01:00:00.0000000+01:00;261.42
0060012466;2014-12-19T01:00:00.0000000+01:00;263.09
0060012466;2014-12-22T01:00:00.0000000+01:00;264.63
0060012466;2014-12-23T01:00:00.0000000+01:00;264.10
0060012466;2014-12-29T01:00:00.0000000+01:00;265.05
0060012466;2014-12-30T01:00:00.0000000+01:00;264.46
0060012466;2014-12-31T01:00:00.0000000+01:00;264.56
0060012466;2015-01-02T01:00:00.0000000+01:00;267.89
0060012466;2015-01-05T01:00:00.0000000+01:00;266.47
0060012466;2015-01-06T01:00:00.0000000+01:00;265.72
0060012466;2015-01-07T01:00:00.0000000+01:00;263.08
0060012466;2015-01-08T01:00:00.0000000+01:00;265.08
0060012466;2015-01-09T01:00:00.0000000+01:00;264.77
0060012466;2015-01-12T01:00:00.0000000+01:00;265.69
0060012466;2015-01-13T01:00:00.0000000+01:00;268.41
0060012466;2015-01-14T01:00:00.0000000+01:00;265.23
0060012466;2015-01-15T01:00:00.0000000+01:00;267.05
0060012466;2015-01-16T01:00:00.0000000+01:00;266.25
0060012466;2015-01-19T01:00:00.0000000+01:00;271.27
0060012466;2015-01-20T01:00:00.0000000+01:00;271.12
0060012466;2015-01-21T01:00:00.0000000+01:00;272.72
0060012466;2015-01-22T01:00:00.0000000+01:00;274.08
0060012466;2015-01-23T01:00:00.0000000+01:00;276.93
0060012466;2015-01-26T01:00:00.0000000+01:00;280.60
0060012466;2015-01-27T01:00:00.0000000+01:00;277.28
0060012466;2015-01-28T01:00:00.0000000+01:00;280.78
0060012466;2015-01-29T01:00:00.0000000+01:00;279.61
0060012466;2015-01-30T01:00:00.0000000+01:00;280.29
0060012466;2015-02-02T01:00:00.0000000+01:00;278.50
0060012466;2015-02-03T01:00:00.0000000+01:00;279.86
0060012466;2015-02-04T01:00:00.0000000+01:00;281.25
0060012466;2015-02-05T01:00:00.0000000+01:00;281.87
0060012466;2015-02-06T01:00:00.0000000+01:00;281.22
0060012466;2015-02-09T01:00:00.0000000+01:00;279.74
0060012466;2015-02-10T01:00:00.0000000+01:00;282.20
0060012466;2015-02-11T01:00:00.0000000+01:00;279.87
0060012466;2015-02-12T01:00:00.0000000+01:00;282.64
0060012466;2015-02-13T01:00:00.0000000+01:00;284.20
0060012466;2015-02-16T01:00:00.0000000+01:00;284.63
0060012466;2015-02-17T01:00:00.0000000+01:00;288.98
0060012466;2015-02-18T01:00:00.0000000+01:00;293.82
0060012466;2015-02-19T01:00:00.0000000+01:00;295.62
0060012466;2015-02-20T01:00:00.0000000+01:00;297.76
0060012466;2015-02-23T01:00:00.0000000+01:00;302.41
0060012466;2015-02-24T01:00:00.0000000+01:00;302.47
0060012466;2015-02-25T01:00:00.0000000+01:00;304.90
0060012466;2015-02-26T01:00:00.0000000+01:00;308.03
0060012466;2015-02-27T01:00:00.0000000+01:00;310.68
0060012466;2015-03-02T01:00:00.0000000+01:00;308.97
0060012466;2015-03-03T01:00:00.0000000+01:00;308.77
0060012466;2015-03-04T01:00:00.0000000+01:00;309.83
0060012466;2015-03-05T01:00:00.0000000+01:00;314.90
0060012466;2015-03-06T01:00:00.0000000+01:00;316.14
0060012466;2015-03-09T01:00:00.0000000+01:00;316.44
0060012466;2015-03-10T01:00:00.0000000+01:00;316.01
0060012466;2015-03-11T01:00:00.0000000+01:00;318.17
0060012466;2015-03-12T01:00:00.0000000+01:00;318.79
0060012466;2015-03-13T01:00:00.0000000+01:00;322.05
0060012466;2015-03-16T01:00:00.0000000+01:00;326.98
0060012466;2015-03-17T01:00:00.0000000+01:00;322.11
0060012466;2015-03-18T01:00:00.0000000+01:00;323.10
0060012466;2015-03-19T01:00:00.0000000+01:00;324.77
0060012466;2015-03-20T01:00:00.0000000+01:00;327.25
0060012466;2015-03-23T01:00:00.0000000+01:00;327.78
0060012466;2015-03-24T01:00:00.0000000+01:00;330.37
0060012466;2015-03-25T01:00:00.0000000+01:00;327.81
0060012466;2015-03-26T01:00:00.0000000+01:00;321.74
0060012466;2015-03-27T01:00:00.0000000+01:00;329.75
0060012466;2015-03-30T02:00:00.0000000+02:00;334.01
0060012466;2015-03-31T02:00:00.0000000+02:00;334.37
0060012466;2015-04-01T02:00:00.0000000+02:00;337.01
0060012466;2015-04-07T02:00:00.0000000+02:00;342.62
0060012466;2015-04-08T02:00:00.0000000+02:00;344.41
0060012466;2015-04-09T02:00:00.0000000+02:00;348.16
0060012466;2015-04-10T02:00:00.0000000+02:00;351.03
0060012466;2015-04-13T02:00:00.0000000+02:00;352.07
0060012466;2015-04-14T02:00:00.0000000+02:00;350.36
0060012466;2015-04-15T02:00:00.0000000+02:00;352.64
0060012466;2015-04-16T02:00:00.0000000+02:00;347.61
0060012466;2015-04-17T02:00:00.0000000+02:00;342.69
0060012466;2015-04-20T02:00:00.0000000+02:00;347.41
0060012466;2015-04-21T02:00:00.0000000+02:00;352.47
0060012466;2015-04-22T02:00:00.0000000+02:00;351.83
0060012466;2015-04-23T02:00:00.0000000+02:00;348.99
0060012466;2015-04-24T02:00:00.0000000+02:00;351.11
0060012466;2015-04-27T02:00:00.0000000+02:00;354.79
0060012466;2015-04-28T02:00:00.0000000+02:00;349.14
0060012466;2015-04-29T02:00:00.0000000+02:00;343.37
0060012466;2015-04-30T02:00:00.0000000+02:00;342.98
0060012466;2015-05-04T02:00:00.0000000+02:00;347.43
0060012466;2015-05-05T02:00:00.0000000+02:00;344.83
0060012466;2015-05-06T02:00:00.0000000+02:00;340.10
0060012466;2015-05-07T02:00:00.0000000+02:00;343.11
0060012466;2015-05-08T02:00:00.0000000+02:00;347.38
0060012466;2015-05-11T02:00:00.0000000+02:00;349.96
0060012466;2015-05-12T02:00:00.0000000+02:00;345.49
0060012466;2015-05-13T02:00:00.0000000+02:00;346.82
0060012466;2015-05-18T02:00:00.0000000+02:00;348.99
0060012466;2015-05-19T02:00:00.0000000+02:00;353.77
0060012466;2015-05-20T02:00:00.0000000+02:00;355.07
0060012466;2015-05-21T02:00:00.0000000+02:00;355.35
0060012466;2015-05-22T02:00:00.0000000+02:00;356.30
0060012466;2015-05-25T02:00:00.0000000+02:00;356.59
0060012466;2015-05-26T02:00:00.0000000+02:00;357.28
0060012466;2015-05-27T02:00:00.0000000+02:00;358.40
0060012466;2015-05-28T02:00:00.0000000+02:00;358.71
0060012466;2015-05-29T02:00:00.0000000+02:00;356.50
0060012466;2015-06-01T02:00:00.0000000+02:00;356.13
0060012466;2015-06-02T02:00:00.0000000+02:00;355.69
0060012466;2015-06-03T02:00:00.0000000+02:00;357.27
0060012466;2015-06-04T02:00:00.0000000+02:00;354.96
0060012466;2015-06-08T02:00:00.0000000+02:00;349.76
0060012466;2015-06-09T02:00:00.0000000+02:00;346.46
0060012466;2015-06-10T02:00:00.0000000+02:00;352.51
0060012466;2015-06-11T02:00:00.0000000+02:00;354.00
0060012466;2015-06-12T02:00:00.0000000+02:00;350.93
0060012466;2015-06-15T02:00:00.0000000+02:00;343.33
0060012466;2015-06-16T02:00:00.0000000+02:00;344.23
0060012466;2015-06-17T02:00:00.0000000+02:00;341.67
0060012466;2015-06-18T02:00:00.0000000+02:00;342.48
0060012466;2015-06-19T02:00:00.0000000+02:00;343.89
0060012466;2015-06-22T02:00:00.0000000+02:00;352.30
0060012466;2015-06-23T02:00:00.0000000+02:00;353.60
0060012466;2015-06-24T02:00:00.0000000+02:00;351.37
0060012466;2015-06-25T02:00:00.0000000+02:00;351.40
0060012466;2015-06-26T02:00:00.0000000+02:00;352.95
0060012466;2015-06-29T02:00:00.0000000+02:00;347.73
0060012466;2015-06-30T02:00:00.0000000+02:00;345.51
0060012466;2015-07-01T02:00:00.0000000+02:00;350.59
0060012466;2015-07-02T02:00:00.0000000+02:00;349.53
0060012466;2015-07-03T02:00:00.0000000+02:00;348.06
0060012466;2015-07-06T02:00:00.0000000+02:00;346.17
0060012466;2015-07-07T02:00:00.0000000+02:00;342.16
0060012466;2015-07-08T02:00:00.0000000+02:00;340.68
0060012466;2015-07-09T02:00:00.0000000+02:00;346.34
0060012466;2015-07-10T02:00:00.0000000+02:00;354.26
0060012466;2015-07-13T02:00:00.0000000+02:00;360.31
0060012466;2015-07-14T02:00:00.0000000+02:00;360.43
0060012466;2015-07-15T02:00:00.0000000+02:00;364.45
0060012466;2015-07-16T02:00:00.0000000+02:00;368.50
0060012466;2015-07-17T02:00:00.0000000+02:00;368.48
0060012466;2015-07-20T02:00:00.0000000+02:00;371.00
0060012466;2015-07-21T02:00:00.0000000+02:00;367.60
0060012466;2015-07-22T02:00:00.0000000+02:00;369.62
0060012466;2015-07-23T02:00:00.0000000+02:00;369.65
0060012466;2015-07-24T02:00:00.0000000+02:00;369.50
0060012466;2015-07-27T02:00:00.0000000+02:00;361.19
0060012466;2015-07-28T02:00:00.0000000+02:00;361.72
0060012466;2015-07-29T02:00:00.0000000+02:00;363.79
0060012466;2015-07-30T02:00:00.0000000+02:00;361.34
0060012466;2015-07-31T02:00:00.0000000+02:00;363.26
0060012466;2015-08-03T02:00:00.0000000+02:00;368.63
0060012466;2015-08-04T02:00:00.0000000+02:00;368.89
0060012466;2015-08-05T02:00:00.0000000+02:00;372.44
0060012466;2015-08-06T02:00:00.0000000+02:00;368.86
0060012466;2015-08-07T02:00:00.0000000+02:00;363.64
0060012466;2015-08-10T02:00:00.0000000+02:00;364.18
0060012466;2015-08-11T02:00:00.0000000+02:00;364.03
0060012466;2015-08-12T02:00:00.0000000+02:00;356.52
0060012466;2015-08-13T02:00:00.0000000+02:00;363.57
0060012466;2015-08-14T02:00:00.0000000+02:00;365.24
0060012466;2015-08-17T02:00:00.0000000+02:00;365.18
0060012466;2015-08-18T02:00:00.0000000+02:00;369.16
0060012466;2015-08-19T02:00:00.0000000+02:00;365.97
0060012466;2015-08-20T02:00:00.0000000+02:00;354.79
0060012466;2015-08-21T02:00:00.0000000+02:00;346.15
0060012466;2015-08-24T02:00:00.0000000+02:00;330.23
0060012466;2015-08-25T02:00:00.0000000+02:00;341.53
0060012466;2015-08-26T02:00:00.0000000+02:00;340.29
0060012466;2015-08-27T02:00:00.0000000+02:00;350.81
0060012466;2015-08-28T02:00:00.0000000+02:00;349.62
0060012466;2015-08-31T02:00:00.0000000+02:00;350.62
0060012466;2015-09-01T02:00:00.0000000+02:00;344.84
0060012466;2015-09-02T02:00:00.0000000+02:00;349.98
0060012466;2015-09-03T02:00:00.0000000+02:00;357.37
0060012466;2015-09-04T02:00:00.0000000+02:00;353.15
0060012466;2015-09-07T02:00:00.0000000+02:00;352.17
0060012466;2015-09-08T02:00:00.0000000+02:00;356.06
0060012466;2015-09-09T02:00:00.0000000+02:00;360.21
0060012466;2015-09-10T02:00:00.0000000+02:00;358.13
0060012466;2015-09-11T02:00:00.0000000+02:00;357.79
0060012466;2015-09-14T02:00:00.0000000+02:00;355.04
0060012466;2015-09-15T02:00:00.0000000+02:00;354.97
0060012466;2015-09-16T02:00:00.0000000+02:00;356.09
0060012466;2015-09-17T02:00:00.0000000+02:00;357.95
0060012466;2015-09-18T02:00:00.0000000+02:00;355.36
0060012466;2015-09-21T02:00:00.0000000+02:00;359.90
0060012466;2015-09-22T02:00:00.0000000+02:00;353.56
0060012466;2015-09-23T02:00:00.0000000+02:00;353.82
0060012466;2015-09-24T02:00:00.0000000+02:00;346.83
0060012466;2015-09-25T02:00:00.0000000+02:00;353.61
0060012466;2015-09-28T02:00:00.0000000+02:00;349.81
0060012466;2015-09-29T02:00:00.0000000+02:00;346.32
0060012466;2015-09-30T02:00:00.0000000+02:00;349.38
0060012466;2015-10-01T02:00:00.0000000+02:00;351.01
0060012466;2015-10-02T02:00:00.0000000+02:00;349.65
0060012466;2015-10-05T02:00:00.0000000+02:00;356.23
0060012466;2015-10-06T02:00:00.0000000+02:00;358.86
0060012466;2015-10-07T02:00:00.0000000+02:00;360.05
0060012466;2015-10-08T02:00:00.0000000+02:00;358.29
0060012466;2015-10-09T02:00:00.0000000+02:00;358.42
0060012466;2015-10-12T02:00:00.0000000+02:00;356.94
0060012466;2015-10-13T02:00:00.0000000+02:00;353.94
0060012466;2015-10-14T02:00:00.0000000+02:00;348.48
0060012466;2015-10-15T02:00:00.0000000+02:00;350.84
0060012466;2015-10-16T02:00:00.0000000+02:00;353.53
0060012466;2015-10-19T02:00:00.0000000+02:00;356.33
0060012466;2015-10-20T02:00:00.0000000+02:00;355.58
0060012466;2015-10-21T02:00:00.0000000+02:00;353.56
0060012466;2015-10-22T02:00:00.0000000+02:00;354.34
0060012466;2015-10-23T02:00:00.0000000+02:00;358.78
0060012466;2015-10-26T01:00:00.0000000+01:00;360.29
0060012466;2015-10-27T01:00:00.0000000+01:00;357.08
0060012466;2015-10-28T01:00:00.0000000+01:00;359.02
0060012466;2015-10-29T01:00:00.0000000+01:00;354.94
0060012466;2015-10-30T01:00:00.0000000+01:00;355.33
0060012466;2015-11-02T01:00:00.0000000+01:00;358.37
0060012466;2015-11-03T01:00:00.0000000+01:00;358.93
0060012466;2015-11-04T01:00:00.0000000+01:00;361.04
0060012466;2015-11-05T01:00:00.0000000+01:00;363.71
0060012466;2015-11-06T01:00:00.0000000+01:00;366.53
0060012466;2015-11-09T01:00:00.0000000+01:00;365.66
0060012466;2015-11-10T01:00:00.0000000+01:00;366.73
0060012466;2015-11-11T01:00:00.0000000+01:00;371.23
0060012466;2015-11-12T01:00:00.0000000+01:00;369.47
0060012466;2015-11-13T01:00:00.0000000+01:00;365.80
0060012466;2015-11-16T01:00:00.0000000+01:00;367.58
0060012466;2015-11-17T01:00:00.0000000+01:00;372.97
0060012466;2015-11-18T01:00:00.0000000+01:00;372.97
0060012466;2015-11-19T01:00:00.0000000+01:00;374.28
0060012466;2015-11-20T01:00:00.0000000+01:00;374.62
0060012466;2015-11-23T01:00:00.0000000+01:00;375.01
0060012466;2015-11-24T01:00:00.0000000+01:00;371.01
0060012466;2015-11-25T01:00:00.0000000+01:00;374.31
0060012466;2015-11-26T01:00:00.0000000+01:00;376.62
0060012466;2015-11-27T01:00:00.0000000+01:00;378.00
0060012466;2015-11-30T01:00:00.0000000+01:00;382.69
0060012466;2015-12-01T01:00:00.0000000+01:00;382.45
0060012466;2015-12-02T01:00:00.0000000+01:00;384.71
0060012466;2015-12-03T01:00:00.0000000+01:00;382.23
0060012466;2015-12-04T01:00:00.0000000+01:00;380.80
0060012466;2015-12-07T01:00:00.0000000+01:00;384.27
0060012466;2015-12-08T01:00:00.0000000+01:00;380.26
0060012466;2015-12-09T01:00:00.0000000+01:00;379.14
0060012466;2015-12-10T01:00:00.0000000+01:00;375.84
0060012466;2015-12-11T01:00:00.0000000+01:00;367.85
0060012466;2015-12-14T01:00:00.0000000+01:00;366.76
0060012466;2015-12-15T01:00:00.0000000+01:00;371.90
0060012466;2015-12-16T01:00:00.0000000+01:00;375.36
0060012466;2015-12-17T01:00:00.0000000+01:00;379.24
0060012466;2015-12-18T01:00:00.0000000+01:00;375.47
0060012466;2015-12-21T01:00:00.0000000+01:00;375.80
0060012466;2015-12-22T01:00:00.0000000+01:00;374.77
0060012466;2015-12-23T01:00:00.0000000+01:00;380.02
0060012466;2015-12-28T01:00:00.0000000+01:00;381.72
0060012466;2015-12-29T01:00:00.0000000+01:00;385.69
0060012466;2015-12-30T01:00:00.0000000+01:00;387.55
0060012466;2015-12-31T01:00:00.0000000+01:00;387.63
